{
  "generalInfo": {
    "multisig": "terra174gu7kg8ekk5gsxdma5jlfcedm653tyg6ayppw"
  },
  "token": {
    "admin": null,
    "initMsg": {
      "name": "Astroport",
      "symbol": "ASTRO",
      "decimals": 6,
      "initial_balances": [
        {
          "address": null,
          "amount": "1100000000000000"
        }
      ],
      "marketing": {
        "project": "Astroport",
        "description": "Astroport is a neutral marketplace where anyone, from anywhere in the galaxy, can dock to trade their wares.",
        "marketing": null,
        "logo": {
          "url": "https://astroport.fi/astro_logo.svg"
        }
      }
    },
    "label": "Astroport ASTRO"
  },
  "treasury": {
    "admin": null,
    "initMsg": {
      "admins": [
        "terra1k9j8rcyk87v5jvfla2m9wp200azegjz0eshl7n2pwv852a7ssceqsnn7pq"
      ],
      "mutable": true
    },
    "label": "Astroport Treasury"
  },
  "staking": {
    "admin": null,
    "initMsg": {
      "owner": null,
      "token_code_id": null,
      "deposit_token_addr": null,
      "marketing": {
        "project": "Astroport",
        "description": "Astroport is a neutral marketplace where anyone, from anywhere in the galaxy, can dock to trade their wares.",
        "marketing": null,
        "logo": {
          "url": "https://app.astroport.fi/tokens/xAstro.svg"
        }
      }
    },
    "label": "Astroport Staking"
  },
  "factory": {
    "admin": null,
    "initMsg": {
      "owner": null,
      "pair_configs": [
        {
          "code_id": null,
          "pair_type": {
            "xyk": {}
          },
          "total_fee_bps": 30,
          "maker_fee_bps": 3333,
          "is_disabled": false,
          "is_generator_disabled": false
        },
        {
          "code_id": null,
          "pair_type": {
            "stable": {}
          },
          "total_fee_bps": 5,
          "maker_fee_bps": 5000,
          "is_disabled": false,
          "is_generator_disabled": false
        }
      ],
      "token_code_id": null,
      "fee_address": null,
      "generator_address": null,
      "whitelist_code_id": null
    },
    "label": "Astroport Factory",
    "change_owner": false,
    "proposeNewOwner": {
      "owner": null,
      "expires_in": 604800
    }
  },
  "router": {
    "admin": null,
    "initMsg": {
      "astroport_factory": null
    },
    "label": "Astroport Router"
  },
  "maker": {
    "admin": null,
    "initMsg": {
      "owner": null,
      "factory_contract": null,
      "staking_contract": null,
      "astro_token": null,
      "governance_contract": null,
      "governance_percent": null,
      "max_spread": "0.5"
    },
    "label": "Astroport Maker"
  },
  "vesting": {
    "admin": null,
    "initMsg": {
      "owner": null,
      "vesting_token": null
    },
    "label": "Astroport Vesting",
    "registration": {
      "msg": {
        "register_vesting_accounts": {
          "vesting_accounts": [
            {
              "address": null,
              "schedules": [
                {
                  "start_point": {
                    "time": 1640865600,
                    "amount": "100"
                  },
                  "end_point": {
                    "time": 1672401600,
                    "amount": "10000"
                  }
                }
              ]
            }
          ]
        }
      },
      "amount": "10000"
    }
  },
  "generator": {
    "admin": null,
    "initMsg": {
      "owner": null,
      "astro_token": null,
      "start_block": "5918639",
      "tokens_per_block": "8403094",
      "vesting_contract": null,
      "factory": null,
      "whitelist_code_id": null
    },
    "label": "Astroport Generator",
    "change_owner": false,
    "proposeNewOwner": {
      "owner": null,
      "expires_in": 604800
    },
    "new_incentives_pools": [
      [
        "terra18mcmlf4v23ehukkh7qxgpf5tznzg6893fxmf9ffmdt9phgf365zqvmlug6",
        "1538"
      ],
      [
        "terra16esjk7qqlgh8w7p2a58yxhgkfk4ykv72p7ha056zul58adzjm6msvc674t",
        "30018"
      ],
      [
        "terra1ckmsqdhlky9jxcmtyj64crgzjxad9pvsd58k8zsxsnv4vzvwdt7qke04hl",
        "40026"
      ],
      [
        "terra1kggfd6z0ad2k9q8v24f7ftxyqush8fp9xku9nyrjcs2wv0e4kypszfrfd0",
        "7504"
      ],
      [
        "terra1cq22eugxwgp0x34cqfrxmd9jkyy43gas93yqjhmwrm7j0h5ecrqq5j7dgp",
        "7504"
      ],
      [
        "terra1khsxwfnzuxqcyza2sraxf2ngkr3dwy9f7rm0uts0xpkeshs96ccsqtu6nv",
        "11257"
      ]
    ]
  },
  "generatorProxy": {
    "admin": null,
    "initMsg": {
      "generator_contract_addr": null,
      "pair_addr": null,
      "lp_token_addr": null,
      "reward_contract_addr": null,
      "reward_token_addr": null
    },
    "label": "Astroport Generator Proxy"
  },
  "oracle": {
    "admin": null,
    "initMsg": {
      "factory_contract": null,
      "asset_infos": null
    },
    "label": "Astroport Oracle"
  },
  "create_pairs": {
    "pairs": []
  }
}